{"Analytics": 84.60295216741405, "Finance": 60.22200315457413, "HR": 50.018196856906535, "Legal": 59.868142444658325, "Operations": 60.22664786746563, "Procurement": 70.12244326141776, "RnD": 84.5965965965966, "Sales Marketing": 50.26169833729216, "Technology": 79.92869151022695}